Workbook

Sheet Overview
A1: Hermes Agent — deployment & execution workbook
A2: One sheet per execution-layer phase (mirrors hermes-agent/README.md). Rows are the action sequence; each names its expected input, example value, input source and verification. Complete phases in order — a phase starts only after the previous one's verifications pass.
A3: Locked decisions (2026-07-13, docs/SCOPING.md): trigger = workflow-action component | brain = Anthropic API | scraping = zero-auth t.me/s/ web preview first | HubSpot = dedicated private app, sandbox 49610528 before prod 9201667.
A5: How to use / legend
A6: Yellow cells | C6: The ONLY cells to edit on the phase sheets: column H 'Your value (fill in)' and column I 'Status'.
A7: Your value | C7: Record the actual value you used for that action's expected input (never paste secrets — write where the secret is stored, e.g. 'in /opt/hermes-stack/.env').
A8: Status | C8: Pick TODO / DONE / N/A from the dropdown. DONE only after the row's verification passed.
A9: Example row | C9: e.g. input 'BRIDGE_PUBLIC_BASE_URL' -> Your value: 'https://agent.icalps.ch' | Status: DONE
A11: Phase | B11: Sheet | C11: Execution layer | D11: Actions | E11: Done | F11: Progress
A12: 0 | B12: 0-Prerequisites | C12: none yet — collect every input before touching the VPS (README Phase 0) | D12: =COUNTA('0-Prerequisites'!$A$4:$A$200) -> 9 | E12: =COUNTIF('0-Prerequisites'!$I$4:$I$200,"DONE") -> 0 | F12: =IF(D12=0,0,E12/D12) -> 0
A13: 1 | B13: 1-VPS-Provision | C13: hermes-agent/provision/setup-vps.sh (idempotent; installs companion stack to /opt/hermes-stack) | D13: =COUNTA('1-VPS-Provision'!$A$4:$A$200) -> 6 | E13: =COUNTIF('1-VPS-Provision'!$I$4:$I$200,"DONE") -> 0 | F13: =IF(D13=0,0,E13/D13) -> 0
A14: 2 | B14: 2-Hermes-Install | C14: Nous Research official installer + hermes CLI (interactive wizard; workspace ~/.hermes) | D14: =COUNTA('2-Hermes-Install'!$A$4:$A$200) -> 9 | E14: =COUNTIF('2-Hermes-Install'!$I$4:$I$200,"DONE") -> 0 | F14: =IF(D14=0,0,E14/D14) -> 0
A15: 3 | B15: 3-Stack-Config | C15: /opt/hermes-stack/.env + /opt/hermes-stack/scraper/sources.yaml, then first service start | D15: =COUNTA('3-Stack-Config'!$A$4:$A$200) -> 10 | E15: =COUNTIF('3-Stack-Config'!$I$4:$I$200,"DONE") -> 0 | F15: =IF(D15=0,0,E15/D15) -> 0
A16: 4 | B16: 4-TLS-Caddy | C16: provision/Caddyfile -> /etc/caddy/Caddyfile (public edge; bridge stays on loopback) | D16: =COUNTA('4-TLS-Caddy'!$A$4:$A$200) -> 6 | E16: =COUNTIF('4-TLS-Caddy'!$I$4:$I$200,"DONE") -> 0 | F16: =IF(D16=0,0,E16/D16) -> 0
A17: 5 | B17: 5-HubSpot-Interop | C17: HubSpot private-app UI + hubspot/workflow-action/hermes-trigger-hsmeta.json + hs CLI | D17: =COUNTA('5-HubSpot-Interop'!$A$4:$A$200) -> 11 | E17: =COUNTIF('5-HubSpot-Interop'!$I$4:$I$200,"DONE") -> 0 | F17: =IF(D17=0,0,E17/D17) -> 0
A18: 6 | B18: 6-Agent-Seed | C18: skills/revops/ -> ~/.hermes/skills/ + hermes cron/webhook CLI | D18: =COUNTA('6-Agent-Seed'!$A$4:$A$200) -> 6 | E18: =COUNTIF('6-Agent-Seed'!$I$4:$I$200,"DONE") -> 0 | F18: =IF(D18=0,0,E18/D18) -> 0
A19: 7 | B19: 7-Validation | C19: signed/unsigned curl + systemctl + a live sandbox workflow enrollment (sign-off record) | D19: =COUNTA('7-Validation'!$A$4:$A$200) -> 5 | E19: =COUNTIF('7-Validation'!$I$4:$I$200,"DONE") -> 0 | F19: =IF(D19=0,0,E19/D19) -> 0
A20: 8 | B20: 8-Prod-Cutover | C20: prod private app + .env swap + hs project upload against prod (only after Phase 7 is fully green) | D20: =COUNTA('8-Prod-Cutover'!$A$4:$A$200) -> 6 | E20: =COUNTIF('8-Prod-Cutover'!$I$4:$I$200,"DONE") -> 0 | F20: =IF(D20=0,0,E20/D20) -> 0
A21: 9 | B21: 9-Operations | C21: systemd/journalctl + hermes CLI + .env rotations (recurring; no fixed sequence) | D21: =COUNTA('9-Operations'!$A$4:$A$200) -> 8 | E21: =COUNTIF('9-Operations'!$I$4:$I$200,"DONE") -> 0 | F21: =IF(D21=0,0,E21/D21) -> 0
C22: TOTAL | D22: =SUM(D12:D21) -> 76 | E22: =SUM(E12:E21) -> 0 | F22: =IF(D22=0,0,E22/D22) -> 0

Sheet 0-Prerequisites
A1: Phase 0 — Prerequisites (inputs inventory)
A2: Execution layer: none yet — collect every input before touching the VPS (README Phase 0)
A3: Step | B3: Action | C3: Command / UI path | D3: Expected input (name & format) | E3: Example value | F3: Input source | G3: Verification / expected output | H3: Your value (fill in) | I3: Status | J3: Notes
A4: 1 | B4: Order/confirm the VPS | C4: Hosting provider console (guide baseline: Hostinger KVM2) | D4: VPS spec + root SSH access | E4: Ubuntu 24.04, 2 vCPU / 8 GB RAM, root key | F4: Hosting provider | G4: ssh root@<vps-ip> logs in; lsb_release -a shows Ubuntu 22.04/24.04 | I4: TODO | J4: Bare install, NO Docker — the harness needs direct filesystem + terminal access
A5: 2 | B5: Choose the bridge subdomain | C5: Your DNS registrar console | D5: Fully-qualified domain name (FQDN) | E5: agent.example.com | F5: Your DNS zone (open scoping item Q6) | G5: You can create/edit A records in that zone | I5: TODO | J5: The exact URL HubSpot will call; also used to rebuild signed URIs
A6: 3 | B6: Create the Anthropic API key (decided brain) | C6: console.anthropic.com > API keys | D6: ANTHROPIC_API_KEY (sk-ant-...) | E6: sk-ant-api03-... | F6: Anthropic Console | G6: Key displayed once and stored in your password manager | I6: TODO | J6: Decision 2026-07-13: Anthropic API powers the agent brain
A7: 4 | B7: Create the Telegram gateway bot | C7: Telegram: chat with @BotFather > /newbot | D7: Bot name ending in 'Bot'; returns TELEGRAM_BOT_TOKEN | E7: 123456789:AAF...xyz | F7: @BotFather | G7: Token message received from @BotFather | I7: TODO | J7: This is the OWNER GATEWAY bot — not the scraping identity
A8: 5 | B8: Get your numeric Telegram user ID | C8: Telegram: chat with @userinfobot | D8: Numeric user id for TELEGRAM_ALLOWED_USERS | E8: 123456789 | F8: @userinfobot | G8: Bot replies with your numeric id | I8: TODO | J8: Without the allowlist anyone could drive your agent — keep default-deny
A9: 6 | B9: Confirm HubSpot super-admin on both portals | C9: hubspot.com login | D9: Super-admin membership on sandbox + prod | E9: sandbox 49610528, prod 9201667 | F9: HubSpot org admin | G9: Both portals visible in the account switcher with admin rights | I9: TODO | J9: Decision 2026-07-13: sandbox-first validation
A10: 7 | B10: Authenticate the HubSpot CLI on both portals | C10: hs auth (once per account) | D10: Personal access key per portal | E10: personal access key from app.hubspot.com/personal-access-key | F10: HubSpot > Settings > personal access key | G10: hs accounts list shows 49610528 and 9201667 | I10: TODO | J10: Needed in Phase 5 for hs project validate/upload
A11: 8 | B11: Decide the Telegram channel list to scrape | C11: Open https://t.me/s/<username> for each candidate | D11: Public channel usernames + topic tags | E11: somechannel -> tags [revops] | F11: Your own sources (open scoping item Q4) | G11: Each https://t.me/s/<username> page renders posts | I11: TODO | J11: Zero-auth web-preview mode reads only channels with a public preview
A12: 9 | B12: Make this repo reachable from the VPS | C12: GitHub > repo > Code (HTTPS) or deploy key | D12: Clone URL (+ deploy key if private) | E12: https://github.com/Wkayaobama/HB-Workflow.git | F12: GitHub | G12: git ls-remote <url> succeeds from your machine | I12: TODO

Sheet 1-VPS-Provision
A1: Phase 1 — Provision the VPS
A2: Execution layer: hermes-agent/provision/setup-vps.sh (idempotent; installs companion stack to /opt/hermes-stack)
A3: Step | B3: Action | C3: Command / UI path | D3: Expected input (name & format) | E3: Example value | F3: Input source | G3: Verification / expected output | H3: Your value (fill in) | I3: Status | J3: Notes
A4: 1 | B4: SSH into the VPS as root | C4: ssh root@<vps-ip> | D4: VPS IP + root SSH key | E4: 203.0.113.10 | F4: Phase 0 step 1 | G4: Shell prompt as root (id -u -> 0) | I4: TODO
A5: 2 | B5: Clone the repository | C5: git clone <repo-url> && cd HB-Workflow | D5: Repo clone URL | E5: https://github.com/Wkayaobama/HB-Workflow.git | F5: Phase 0 step 9 | G5: HB-Workflow directory exists with hermes-agent/ inside | I5: TODO
A6: 3 | B6: Run the bootstrap script | C6: bash hermes-agent/provision/setup-vps.sh | D6: None (must run as root) | E6: - | F6: This repo | G6: Steps [1/6]..[6/6] print; ends with 'Done. Next steps' block | I6: TODO | J6: Safe to re-run after any repo update
A7: 4 | B7: Check the firewall | C7: ufw status | D7: None | E7: - | F7: - | G7: Status: active; only OpenSSH(22), 80/tcp, 443/tcp allowed | I7: TODO | J7: Bridge port 8787 stays loopback-only, never opened
A8: 5 | B8: Check the systemd units are installed + enabled | C8: systemctl list-unit-files | grep hermes | D8: None | E8: - | F8: - | G8: hermes-bridge.service, hermes-scraper.service, hermes-scraper.timer listed as enabled | I8: TODO | J8: Enabled but NOT started until .env is filled (Phase 3)
A9: 6 | B9: Check the env file was created with tight permissions | C9: stat -c '%a %n' /opt/hermes-stack/.env | D9: None | E9: - | F9: - | G9: Mode 600 on /opt/hermes-stack/.env | I9: TODO | J9: Copied from .env.example; existing .env is never overwritten

Sheet 2-Hermes-Install
A1: Phase 2 — Install the Hermes harness
A2: Execution layer: Nous Research official installer + hermes CLI (interactive wizard; workspace ~/.hermes)
A3: Step | B3: Action | C3: Command / UI path | D3: Expected input (name & format) | E3: Example value | F3: Input source | G3: Verification / expected output | H3: Your value (fill in) | I3: Status | J3: Notes
A4: 1 | B4: Run the official installer | C4: curl -fsSL https://hermes-agent.nousresearch.com/install.sh | bash | D4: None | E4: - | F4: hermes-agent.nousresearch.com | G4: Installer wizard starts | I4: TODO | J4: github.com/NousResearch/hermes-agent
A5: 2 | B5: Choose the setup mode | C5: Installer menu | D5: Menu choice: 'Full Setup' | E5: Full Setup | F5: Ottho guide S4 | G5: Wizard proceeds to provider selection | I5: TODO | J5: Quick Setup routes through the Nous Portal instead of your own keys — do not use
A6: 3 | B6: Configure the brain (decided: Anthropic) | C6: Installer prompt (writes ~/.hermes/.env) | D6: Provider 'anthropic' + ANTHROPIC_API_KEY | E6: sk-ant-api03-... | F6: Phase 0 step 3 | G6: grep ANTHROPIC_API_KEY ~/.hermes/.env shows the key | I6: TODO | J6: Decision 2026-07-13
A7: 4 | B7: Pick the model | C7: hermes model | D7: Model choice from the provider list | E7: latest Claude model offered | F7: hermes CLI | G7: ~/.hermes/config.yaml shows the chosen model | I7: TODO
A8: 5 | B8: Set up the Telegram gateway | C8: hermes gateway setup | D8: TELEGRAM_BOT_TOKEN | E8: 123456789:AAF...xyz | F8: Phase 0 step 4 | G8: Wizard accepts the token | I8: TODO | J8: Guide S5
A9: 6 | B9: Restrict who can talk to the agent | C9: TELEGRAM_ALLOWED_USERS in ~/.hermes/.env | D9: Comma-separated numeric Telegram ids | E9: 123456789 | F9: Phase 0 step 5 | G9: Variable set; unknown users get no reply | I9: TODO | J9: Hermes default-denies — keep it that way
A10: 7 | B10: Install the gateway as a boot service | C10: sudo hermes gateway install --system | D10: Confirmation | E10: y | F10: - | G10: systemctl status hermes-gateway -> active (running) | I10: TODO | J10: Restart later with: hermes gateway restart
A11: 8 | B11: Smoke-test the gateway | C11: Telegram: message the bot /start, then any text | D11: A chat message | E11: coucou | F11: Your Telegram | G11: The bot answers | I11: TODO
A12: 9 | B12: Verify the workspace layout | C12: ls ~/.hermes | D12: None | E12: - | F12: - | G12: config.yaml, .env, SOUL.md, memories/, skills/, cron/ present | I12: TODO | J12: /root/.hermes on a root install — matches stack .env defaults

Sheet 3-Stack-Config
A1: Phase 3 — Configure the companion stack
A2: Execution layer: /opt/hermes-stack/.env + /opt/hermes-stack/scraper/sources.yaml, then first service start
A3: Step | B3: Action | C3: Command / UI path | D3: Expected input (name & format) | E3: Example value | F3: Input source | G3: Verification / expected output | H3: Your value (fill in) | I3: Status | J3: Notes
A4: 1 | B4: Set the harness workspace paths | C4: vi /opt/hermes-stack/.env | D4: HERMES_HOME / HERMES_INBOX_DIR / KNOWLEDGE_DIR | E4: /root/.hermes | /root/.hermes/inbox | /root/.hermes/knowledge/revops | F4: Phase 2 step 9 | G4: Paths exist (mkdir -p the inbox/knowledge dirs) | I4: TODO | J4: Defaults fit a root install — only change for a non-root harness user
A5: 2 | B5: Generate the bridge shared secret | C5: openssl rand -hex 32 | D5: HERMES_WEBHOOK_SECRET (64 hex chars) | E5: 9f2c...64-hex...ab | F5: Generated on the VPS | G5: Value present in .env; SAME value reused on the HubSpot side later | I5: TODO | J5: Used by the custom-code fallback + signed curl smoke tests
A6: 3 | B6: Set the public bridge URL | C6: vi /opt/hermes-stack/.env | D6: BRIDGE_PUBLIC_BASE_URL (https, no trailing slash) | E6: https://agent.example.com | F6: Phase 0 step 2 | G6: Matches the Caddy domain EXACTLY | I6: TODO | J6: Used to rebuild the signed URI for HubSpot v2/v3 signature checks
A7: 4 | B7: Leave HubSpot keys pending (filled in Phase 5) | C7: vi /opt/hermes-stack/.env | D7: HUBSPOT_PRIVATE_APP_TOKEN, HUBSPOT_CLIENT_SECRET | E7: (empty for now); HUBSPOT_PORTAL_ID=49610528 | F7: Phase 5 | G7: HUBSPOT_PORTAL_ID already reads 49610528 (sandbox-first default) | I7: TODO | J7: Decision 2026-07-13: sandbox before prod
A8: 5 | B8: Leave Telegram MTProto keys empty (decided: web-preview mode) | C8: vi /opt/hermes-stack/.env | D8: TELEGRAM_API_ID / TELEGRAM_API_HASH / TELEGRAM_SESSION | E8: (all empty) | F8: Decision 2026-07-13 | G8: Scraper runs in zero-auth t.me/s/ mode (~20 posts/channel/run) | I8: TODO | J8: Filling all three later auto-switches to MTProto (see 9-Operations)
A9: 6 | B9: Optional: instant-pickup accelerator | C9: vi /opt/hermes-stack/.env | D9: HERMES_HOOK_URL (+ HERMES_HOOK_TOKEN) or HERMES_CLI_TEMPLATE | E9: http://127.0.0.1:8644/webhooks/hermes-stack | F9: Phase 6 step 6 (Hermes native webhook) | G9: Leave commented until Phase 6 enables the webhook | I9: TODO | J9: Inbox file-drop + inbox-sweep cron already guarantees pickup
A10: 7 | B10: Fill in the real channel list | C10: vi /opt/hermes-stack/scraper/sources.yaml | D10: channels[].username + tags (replace REPLACE_ME_*) | E10: username: somechannel / tags: [revops] | F10: Phase 0 step 8 | G10: Every username renders at https://t.me/s/<username> | I10: TODO | J10: mode: auto is correct; tune topics keyword buckets while here
A11: 8 | B11: Start the bridge + scraper timer | C11: systemctl start hermes-bridge hermes-scraper.timer | D11: None | E11: - | F11: - | G11: systemctl status shows both active | I11: TODO
A12: 9 | B12: Health-check the bridge locally | C12: curl -s localhost:8787/healthz | D12: None | E12: - | F12: - | G12: {"ok": true, "service": "hermes-bridge"} | I12: TODO | J12: Bridge binds 127.0.0.1:8787 only
A13: 10 | B13: Run one manual scrape | C13: systemctl start hermes-scraper && journalctl -u hermes-scraper -n 50 | D13: None | E13: - | F13: - | G13: Log shows fetched/kept counts per channel, no tracebacks; items in KNOWLEDGE_DIR/inbox/ | I13: TODO | J13: Timer then runs it 4x/day

Sheet 4-TLS-Caddy
A1: Phase 4 — TLS exposure
A2: Execution layer: provision/Caddyfile -> /etc/caddy/Caddyfile (public edge; bridge stays on loopback)
A3: Step | B3: Action | C3: Command / UI path | D3: Expected input (name & format) | E3: Example value | F3: Input source | G3: Verification / expected output | H3: Your value (fill in) | I3: Status | J3: Notes
A4: 1 | B4: Point DNS at the VPS | C4: Registrar console: A record | D4: A record: <subdomain> -> <vps-ip> | E4: agent.example.com -> 203.0.113.10 | F4: Phase 0 step 2 | G4: dig +short agent.example.com returns the VPS IP | I4: TODO | J4: Do this BEFORE reloading Caddy (Let's Encrypt HTTP challenge)
A5: 2 | B5: Install Caddy | C5: apt-get install -y caddy | D5: None | E5: - | F5: Ubuntu/Caddy repos | G5: caddy version prints | I5: TODO
A6: 3 | B6: Install the stack Caddyfile | C6: cp /opt/hermes-stack/provision/Caddyfile /etc/caddy/Caddyfile | D6: None | E6: - | F6: This repo | G6: File in place | I6: TODO
A7: 4 | B7: Set the real domain in the Caddyfile | C7: vi /etc/caddy/Caddyfile | D7: Your FQDN replacing the placeholder | E7: agent.example.com | F7: Phase 0 step 2 | G7: caddy validate --config /etc/caddy/Caddyfile passes | I7: TODO | J7: Only /hooks/hubspot and /healthz are proxied; everything else 404s at the edge
A8: 5 | B8: Reload Caddy | C8: systemctl reload caddy | D8: None | E8: - | F8: - | G8: journalctl -u caddy shows the certificate obtained | I8: TODO
A9: 6 | B9: Verify public health endpoint + cert | C9: curl -s https://agent.example.com/healthz | D9: None | E9: - | F9: - | G9: {"ok": true, ...} over valid TLS; curl https://agent.example.com/other -> 404 | I9: TODO | J9: This URL is what goes into the workflow-action actionUrl

Sheet 5-HubSpot-Interop
A1: Phase 5 — HubSpot interoperability (sandbox 49610528)
A2: Execution layer: HubSpot private-app UI + hubspot/workflow-action/hermes-trigger-hsmeta.json + hs CLI
A3: Step | B3: Action | C3: Command / UI path | D3: Expected input (name & format) | E3: Example value | F3: Input source | G3: Verification / expected output | H3: Your value (fill in) | I3: Status | J3: Notes
A4: 1 | B4: 5a. Create the dedicated private app (sandbox) | C4: Sandbox 49610528: Settings > Integrations > Private apps > Create app | D4: App name | E4: Hermes Agent | F4: Decision 2026-07-13 (dedicated app, sandbox first) | G4: App created | I4: TODO | J4: Separate from the live IcAlps app — clean blast radius
A5: 2 | B5: 5a. Grant CRM scopes | C5: Private app > Scopes tab | D5: 6 scopes | E5: crm.objects.{contacts,companies,deals}.read + .write | F5: skills/revops/hubspot-crm/SKILL.md | G5: All 6 scopes listed on the app | I5: TODO | J5: Notes/Tasks engagements ride on these object scopes
A6: 3 | B6: 5a. Copy the token into the stack env | C6: vi /opt/hermes-stack/.env then systemctl restart hermes-bridge | D6: HUBSPOT_PRIVATE_APP_TOKEN (pat-...), HUBSPOT_PORTAL_ID | E6: pat-eu1-... / 49610528 | F6: Private app > Auth tab | G6: Bridge restarts clean (journalctl -u hermes-bridge) | I6: TODO
A7: 4 | B7: 5a. Verify agent-side CRM access | C7: python3 /opt/hermes-stack/skills/revops/hubspot-crm/hs_api.py get-deal <deal-id> | D7: A sandbox deal id | E7: 36808247883 | F7: Any test deal in sandbox | G7: Deal JSON returned (name, stage, amount) | I7: TODO | J7: Runs with the .env token; proves outbound interop
A8: 5 | B8: 5b. Set the action URL in the manifest | C8: vi hermes-agent/hubspot/workflow-action/hermes-trigger-hsmeta.json | D8: actionUrl | E8: https://agent.example.com/hooks/hubspot | F8: Phase 4 step 6 | G8: actionUrl field holds the real bridge URL | I8: TODO | J8: Commit the change — the manifest is source-controlled
A9: 6 | B9: 5b. Stage the component into the projects app | C9: mkdir -p ui-extension/src/app/workflow-actions && cp hermes-agent/hubspot/workflow-action/hermes-trigger-hsmeta.json ui-extension/src/app/workflow-actions/ | D9: None | E9: - | F9: This repo | G9: File present under src/app/workflow-actions/ | I9: TODO | J9: Directory name 'workflow-actions' is mandatory (2026.03 platform)
A10: 7 | B10: 5b. Validate + upload to sandbox | C10: hs project validate && hs project upload (account 49610528) | D10: hs account selection | E10: 49610528 | F10: Phase 0 step 7 | G10: Build + deploy succeed in the project UI | I10: TODO | J10: Validate/build success does not imply runtime success — keep going
A11: 8 | B11: 5b. Reauthorize the app install | C11: Project > Distribution tab | D11: Click reinstall/reauthorize if prompted | E11: - | F11: HubSpot UI | G11: App shows installed with the new workflow action | I11: TODO
A12: 9 | B12: 5b. Wire the v2 signing secret | C12: App Auth page -> vi /opt/hermes-stack/.env (HUBSPOT_CLIENT_SECRET) -> systemctl restart hermes-bridge | D12: HUBSPOT_CLIENT_SECRET | E12: (from the app's Auth page after upload) | F12: HubSpot app settings | G12: Secret set; bridge restarted | I12: TODO | J12: OPEN ITEM: if the static-auth 2026.03 app surfaces no secret, use a capability-token URL path enforced in Caddy — never run unauthenticated
A13: 10 | B13: 5b. Build the sandbox trigger workflow | C13: Sandbox: Automation > Workflows > Create (e.g. deal-based) | D13: Enrollment trigger | E13: Deal stage becomes 'Identified' (pipeline 763145477 / stage 1113385378 on sandbox) | F13: Open scoping item Q1.3 (first trigger events) | G13: Workflow saved with the enrollment trigger | I13: TODO | J13: Sandbox pipeline ids differ from prod — see ui-extension ARCHITECTURE S5
A14: 11 | B14: 5b. Add the Trigger Hermes Agent action | C14: Workflow > + > Trigger Hermes Agent | D14: hermes_action input field | E14: deal_review (or contact_enrich / company_brief / revops_digest / custom) | F14: bridge/app.py TASK_TEMPLATES | G14: Action added with a valid hermes_action | I14: TODO | J14: hermes_prompt is REQUIRED when hermes_action = custom

Sheet 6-Agent-Seed
A1: Phase 6 — Seed the agent
A2: Execution layer: skills/revops/ -> ~/.hermes/skills/ + hermes cron/webhook CLI
A3: Step | B3: Action | C3: Command / UI path | D3: Expected input (name & format) | E3: Example value | F3: Input source | G3: Verification / expected output | H3: Your value (fill in) | I3: Status | J3: Notes
A4: 1 | B4: Copy the seed skills into the harness | C4: cp -r /opt/hermes-stack/skills/revops /root/.hermes/skills/ | D4: None | E4: - | F4: This repo | G4: /root/.hermes/skills/revops/ holds revops-radar, hubspot-crm, inbox-sweep, skill-authoring | I4: TODO | J4: Hermes layout: skills/<category>/<skill>/SKILL.md
A5: 2 | B5: Share the stack env with the agent's tools | C5: grep -E '^(HUBSPOT_|HERMES_INBOX_DIR|KNOWLEDGE_DIR)' /opt/hermes-stack/.env >> /root/.hermes/.env | D5: None | E5: - | F5: Stack .env (Phases 3+5) | G5: HubSpot token + paths appear in ~/.hermes/.env | I5: TODO | J5: Lets hs_api.py run from inside the agent
A6: 3 | B6: Reload skills | C6: Telegram: /reload-skills | D6: None | E6: - | F6: - | G6: Bot lists the four revops skills | I6: TODO
A7: 4 | B7: Run the self-configuration interview | C7: Telegram: ask the agent to interview you to auto-configure | D7: Your answers: who you are, RevOps focus, HubSpot context, tone | E7: (free-form chat) | F7: Guide S6 | G7: SOUL.md / memories updated by the agent | I7: TODO
A8: 5 | B8: Create the inbox-sweep heartbeat | C8: hermes cron create "5m" "Run the inbox-sweep skill" --name inbox-sweep | D8: Interval + instruction + name | E8: 5m / "Run the inbox-sweep skill" / inbox-sweep | F8: skills/revops/inbox-sweep/SKILL.md | G8: hermes cron list shows inbox-sweep | I8: TODO | J8: THIS turns the file inbox into a live queue — do not skip
A9: 6 | B9: Optional: native webhook for instant pickup | C9: ~/.hermes/.env: WEBHOOK_ENABLED=true, WEBHOOK_SECRET=...; hermes webhook subscribe; then set HERMES_HOOK_URL in /opt/hermes-stack/.env | D9: WEBHOOK_SECRET + route | E9: http://127.0.0.1:8644/webhooks/hermes-stack | F9: hermes webhook --help | G9: Bridge log shows hook delivery instead of inbox-only | I9: TODO | J9: Accelerator only; the 5m sweep already guarantees pickup

Sheet 7-Validation
A1: Phase 7 — End-to-end validation (all on sandbox)
A2: Execution layer: signed/unsigned curl + systemctl + a live sandbox workflow enrollment (sign-off record)
A3: Step | B3: Action | C3: Command / UI path | D3: Expected input (name & format) | E3: Example value | F3: Input source | G3: Verification / expected output | H3: Your value (fill in) | I3: Status | J3: Notes
A4: 1 | B4: Reject unsigned calls | C4: curl -s -o /dev/null -w '%{http_code}' -X POST https://agent.example.com/hooks/hubspot -d '{}' | D4: None | E4: - | F4: - | G4: HTTP 401 | I4: TODO | J4: Proves the edge never accepts unauthenticated work
A5: 2 | B5: Accept a signed call | C5: Signed POST with X-Hermes-Timestamp + X-Hermes-Signature (HMAC-SHA256 of 'v0:<ts>:<body>' with HERMES_WEBHOOK_SECRET) | D5: Body: action/objectType/objectId/portalId JSON | E5: {"action":"deal_review","objectType":"deal","objectId":"123","portalId":"49610528"} | F5: hermeslib/security.py header recipe | G5: {"status":"queued","taskId":...} + task file in HERMES_INBOX_DIR | I5: TODO | J5: 5-minute replay window enforced
A6: 3 | B6: Scrape-to-digest loop | C6: systemctl start hermes-scraper | D6: None | E6: - | F6: - | G6: Items in KNOWLEDGE_DIR/inbox/; within ~5 min the agent sends a Telegram digest | I6: TODO | J6: Needs the inbox-sweep cron from Phase 6
A7: 4 | B7: Workflow round-trip | C7: Sandbox workflow: enroll one test deal | D7: A test deal id | E7: 36808247883 | F7: Sandbox CRM | G7: Bridge log 'via hubspot-v2'; Note written on the deal; action outputs hermes_status=queued + hermes_task_id | I7: TODO | J7: The core interop proof: HubSpot -> bridge -> agent -> HubSpot Note
A8: 5 | B8: Reboot resilience | C8: reboot, then re-check | D8: None | E8: - | F8: - | G8: hermes-gateway, hermes-bridge, hermes-scraper.timer, caddy all active; /healthz green | I8: TODO | J8: All units are enabled at boot by Phases 1-2

Sheet 8-Prod-Cutover
A1: Phase 8 — Prod cutover (9201667)
A2: Execution layer: prod private app + .env swap + hs project upload against prod (only after Phase 7 is fully green)
A3: Step | B3: Action | C3: Command / UI path | D3: Expected input (name & format) | E3: Example value | F3: Input source | G3: Verification / expected output | H3: Your value (fill in) | I3: Status | J3: Notes
A4: 1 | B4: Create the prod private app | C4: Prod 9201667: Settings > Integrations > Private apps > Create 'Hermes Agent' | D4: Same 6 CRM scopes as sandbox | E4: crm.objects.{contacts,companies,deals}.read + .write | F4: Phase 5a | G4: App created on prod | I4: TODO
A5: 2 | B5: Swap the stack env to prod | C5: vi /opt/hermes-stack/.env && systemctl restart hermes-bridge | D5: HUBSPOT_PRIVATE_APP_TOKEN + HUBSPOT_PORTAL_ID | E5: pat-eu1-...(prod) / 9201667 | F5: Prod app Auth tab | G5: Bridge restart clean; hs_api.py get-deal works against a prod deal | I5: TODO
A6: 3 | B6: Upload the workflow action to prod | C6: hs project upload (account 9201667) + Distribution tab reauthorize | D6: hs account selection | E6: 9201667 | F6: Phase 0 step 7 | G6: Deploy succeeds; app reauthorized | I6: TODO | J6: Mind the LIVE IcAlps app: validate/build success != runtime success (ui-extension ARCHITECTURE S4)
A7: 4 | B7: Update the signing secret if prod's differs | C7: vi /opt/hermes-stack/.env (HUBSPOT_CLIENT_SECRET) && systemctl restart hermes-bridge | D7: Prod HUBSPOT_CLIENT_SECRET | E7: (from prod app Auth page) | F7: HubSpot app settings | G7: Bridge verifies prod-signed posts (log 'via hubspot-v2') | I7: TODO
A8: 5 | B8: Rebuild the trigger workflow on prod | C8: Prod: Automation > Workflows (prod pipeline 766126206 / stage 1116419644 'Identified') | D8: Enrollment trigger + hermes_action | E8: deal_review on stage change | F8: Phase 5b pattern | G8: Workflow live, enrollment OFF or narrowed to one record | I8: TODO | J8: Prod pipeline ids differ from sandbox
A9: 6 | B9: Single-record canary, then widen | C9: Enroll ONE real record; verify; then widen enrollment criteria | D9: One real deal id | E9: (pick a low-stakes deal) | F9: Prod CRM | G9: Note appears on the record; no errors in bridge log; then widen | I9: TODO | J9: Keep the sandbox app + workflow as the permanent staging lane

Sheet 9-Operations
A1: Phase 9 — Steady-state operations
A2: Execution layer: systemd/journalctl + hermes CLI + .env rotations (recurring; no fixed sequence)
A3: Step | B3: Action | C3: Command / UI path | D3: Expected input (name & format) | E3: Example value | F3: Input source | G3: Verification / expected output | H3: Your value (fill in) | I3: Status | J3: Notes
A4: 1 | B4: Watch bridge logs live | C4: journalctl -u hermes-bridge -f | D4: None | E4: - | F4: - | G4: Queued tasks + auth schemes visible per request | I4: TODO
A5: 2 | B5: Check the last scrape run | C5: journalctl -u hermes-scraper -n 100 | D5: None | E5: - | F5: - | G5: fetched/kept counts, no tracebacks | I5: TODO
A6: 3 | B6: Check the scrape schedule | C6: systemctl list-timers hermes-scraper.timer | D6: None | E6: - | F6: - | G6: Next run ~6h cadence (4x/day) | I6: TODO
A7: 4 | B7: Restart the agent gateway | C7: hermes gateway restart | D7: None | E7: - | F7: - | G7: Bot answers on Telegram again | I7: TODO
A8: 5 | B8: Redeploy after a repo update | C8: git pull && bash hermes-agent/provision/setup-vps.sh && systemctl restart hermes-bridge | D8: None | E8: - | F8: This repo | G8: Script re-runs idempotently; bridge healthy | I8: TODO | J8: .env and scraper state are preserved by the rsync excludes
A9: 6 | B9: Rotate the webhook secret | C9: openssl rand -hex 32 -> .env AND the HubSpot-side secret; systemctl restart hermes-bridge | D9: New HERMES_WEBHOOK_SECRET (64 hex) | E9: (fresh value) | F9: Generated on the VPS | G9: Old signature rejected (401), new accepted | I9: TODO | J9: Rotate both sides in one maintenance window
A10: 7 | B10: Upgrade scraping to MTProto (when ready) | C10: Locally: python3 hermes-agent/scraper/make_session.py; paste into VPS .env | D10: TELEGRAM_API_ID + TELEGRAM_API_HASH + TELEGRAM_SESSION | E10: api_id 1234567 / api_hash 32-hex / StringSession | F10: my.telegram.org > API development tools (dedicated, aged, non-critical account) | G10: Next scrape logs mtproto mode; full history + fetch_limit=30 honored | I10: TODO | J10: NEVER log in interactively on the VPS; datacenter-IP fresh logins are the flagging trigger
A11: 8 | B11: Context hygiene | C11: Telegram: prefer fresh conversations for new topics | D11: None | E11: - | F11: Guide S8 | G11: Quality stays high; durable memory lands in files | I11: TODO | J11: The seed skills already push file-based memory
